filename,label
syn_0000_3238.png,3238
syn_0001_3620.png,3620
syn_0002_3035.png,3035
syn_0003_0611.png,0611
syn_0004_1835.png,1835
syn_0005_3025.png,3025
syn_0006_4455.png,4455
syn_0007_1520.png,1520
syn_0008_3639.png,3639
syn_0009_0409.png,0409
syn_0010_4702.png,4702
syn_0011_3021.png,3021
syn_0012_3453.png,3453
syn_0013_2749.png,2749
syn_0014_0715.png,0715
syn_0015_5248.png,5248
syn_0016_3428.png,3428
syn_0017_0521.png,0521
syn_0018_2002.png,2002
syn_0019_5402.png,5402
syn_0020_0737.png,0737
syn_0021_3649.png,3649
syn_0022_0620.png,0620
syn_0023_2900.png,2900
syn_0024_0208.png,0208
syn_0025_0940.png,0940
syn_0026_3539.png,3539
syn_0027_0456.png,0456
syn_0028_4152.png,4152
syn_0029_2004.png,2004
syn_0030_0712.png,0712
syn_0031_5222.png,5222
syn_0032_5524.png,5524
syn_0033_4820.png,4820
syn_0034_2913.png,2913
syn_0035_1310.png,1310
syn_0036_3314.png,3314
syn_0037_2200.png,2200
syn_0038_1329.png,1329
syn_0039_2105.png,2105
syn_0040_1106.png,1106
syn_0041_1236.png,1236
syn_0042_4334.png,4334
syn_0043_2810.png,2810
syn_0044_0350.png,0350
syn_0045_4754.png,4754
syn_0046_3342.png,3342
syn_0047_5911.png,5911
syn_0048_3552.png,3552
syn_0049_3736.png,3736
syn_0050_0323.png,0323
syn_0051_1738.png,1738
syn_0052_1040.png,1040
syn_0053_4736.png,4736
syn_0054_3513.png,3513
syn_0055_5349.png,5349
syn_0056_4055.png,4055
syn_0057_0147.png,0147
syn_0058_0034.png,0034
syn_0059_4943.png,4943
syn_0060_4206.png,4206
syn_0061_4117.png,4117
syn_0062_3940.png,3940
syn_0063_2203.png,2203
syn_0064_5116.png,5116
syn_0065_3704.png,3704
syn_0066_5702.png,5702
syn_0067_0644.png,0644
syn_0068_4118.png,4118
syn_0069_1244.png,1244
syn_0070_1930.png,1930
syn_0071_5800.png,5800
syn_0072_4714.png,4714
syn_0073_3713.png,3713
syn_0074_0927.png,0927
syn_0075_0525.png,0525
syn_0076_0741.png,0741
syn_0077_5801.png,5801
syn_0078_0113.png,0113
syn_0079_1435.png,1435
syn_0080_4843.png,4843
syn_0081_1821.png,1821
syn_0082_3747.png,3747
syn_0083_2541.png,2541
syn_0084_3750.png,3750
syn_0085_4756.png,4756
syn_0086_2926.png,2926
syn_0087_5709.png,5709
syn_0088_2127.png,2127
syn_0089_3344.png,3344
syn_0090_5016.png,5016
syn_0091_3748.png,3748
syn_0092_3021.png,3021
syn_0093_3747.png,3747
syn_0094_4516.png,4516
syn_0095_4205.png,4205
syn_0096_1631.png,1631
syn_0097_1717.png,1717
syn_0098_0434.png,0434
syn_0099_5949.png,5949
syn_0100_0803.png,0803
syn_0101_0910.png,0910
syn_0102_5509.png,5509
syn_0103_5754.png,5754
syn_0104_3501.png,3501
syn_0105_2848.png,2848
syn_0106_2318.png,2318
syn_0107_1243.png,1243
syn_0108_3325.png,3325
syn_0109_3702.png,3702
syn_0110_1925.png,1925
syn_0111_3331.png,3331
syn_0112_0317.png,0317
syn_0113_1428.png,1428
syn_0114_0923.png,0923
syn_0115_4706.png,4706
syn_0116_0448.png,0448
syn_0117_4320.png,4320
syn_0118_4251.png,4251
syn_0119_0902.png,0902
syn_0120_5106.png,5106
syn_0121_3718.png,3718
syn_0122_0253.png,0253
syn_0123_1806.png,1806
syn_0124_0130.png,0130
syn_0125_2128.png,2128
syn_0126_5210.png,5210
syn_0127_5109.png,5109
syn_0128_3635.png,3635
syn_0129_4118.png,4118
syn_0130_3222.png,3222
syn_0131_0747.png,0747
syn_0132_5106.png,5106
syn_0133_1243.png,1243
syn_0134_4023.png,4023
syn_0135_0744.png,0744
syn_0136_0654.png,0654
syn_0137_5757.png,5757
syn_0138_0517.png,0517
syn_0139_1306.png,1306
syn_0140_1047.png,1047
syn_0141_0816.png,0816
syn_0142_0233.png,0233
syn_0143_0023.png,0023
syn_0144_1507.png,1507
syn_0145_5017.png,5017
syn_0146_0811.png,0811
syn_0147_1206.png,1206
syn_0148_4334.png,4334
syn_0149_2556.png,2556
syn_0150_4334.png,4334
syn_0151_2027.png,2027
syn_0152_3247.png,3247
syn_0153_1638.png,1638
syn_0154_1427.png,1427
syn_0155_5523.png,5523
syn_0156_4605.png,4605
syn_0157_0013.png,0013
syn_0158_2019.png,2019
syn_0159_3914.png,3914
syn_0160_5022.png,5022
syn_0161_3859.png,3859
syn_0162_3837.png,3837
syn_0163_4418.png,4418
syn_0164_4022.png,4022
syn_0165_5021.png,5021
syn_0166_1042.png,1042
syn_0167_1344.png,1344
syn_0168_0331.png,0331
syn_0169_2146.png,2146
syn_0170_2555.png,2555
syn_0171_1120.png,1120
syn_0172_2014.png,2014
syn_0173_5603.png,5603
syn_0174_1800.png,1800
syn_0175_0819.png,0819
syn_0176_1220.png,1220
syn_0177_0608.png,0608
syn_0178_3202.png,3202
syn_0179_1905.png,1905
syn_0180_3345.png,3345
syn_0181_0134.png,0134
syn_0182_3634.png,3634
syn_0183_5715.png,5715
syn_0184_0614.png,0614
syn_0185_5425.png,5425
syn_0186_0427.png,0427
syn_0187_5228.png,5228
syn_0188_4102.png,4102
syn_0189_5110.png,5110
syn_0190_3554.png,3554
syn_0191_2736.png,2736
syn_0192_5656.png,5656
syn_0193_3823.png,3823
syn_0194_0319.png,0319
syn_0195_1434.png,1434
syn_0196_2218.png,2218
syn_0197_3352.png,3352
syn_0198_0242.png,0242
syn_0199_4956.png,4956
syn_0200_3744.png,3744
syn_0201_3715.png,3715
syn_0202_2241.png,2241
syn_0203_3902.png,3902
syn_0204_2857.png,2857
syn_0205_3007.png,3007
syn_0206_3355.png,3355
syn_0207_5236.png,5236
syn_0208_0918.png,0918
syn_0209_3340.png,3340
syn_0210_5959.png,5959
syn_0211_2953.png,2953
syn_0212_4222.png,4222
syn_0213_0303.png,0303
syn_0214_3516.png,3516
syn_0215_4515.png,4515
syn_0216_0422.png,0422
syn_0217_3633.png,3633
syn_0218_5036.png,5036
syn_0219_2909.png,2909
syn_0220_4533.png,4533
syn_0221_2644.png,2644
syn_0222_1327.png,1327
syn_0223_5922.png,5922
syn_0224_2630.png,2630
syn_0225_1441.png,1441
syn_0226_2335.png,2335
syn_0227_4441.png,4441
syn_0228_5148.png,5148
syn_0229_5810.png,5810
syn_0230_1921.png,1921
syn_0231_0038.png,0038
syn_0232_1011.png,1011
syn_0233_3420.png,3420
syn_0234_4345.png,4345
syn_0235_3321.png,3321
syn_0236_5110.png,5110
syn_0237_5226.png,5226
syn_0238_4635.png,4635
syn_0239_2346.png,2346
syn_0240_4221.png,4221
syn_0241_5850.png,5850
syn_0242_4329.png,4329
syn_0243_1018.png,1018
syn_0244_3005.png,3005
syn_0245_5011.png,5011
syn_0246_1516.png,1516
syn_0247_0727.png,0727
syn_0248_5925.png,5925
syn_0249_1100.png,1100
syn_0250_2251.png,2251
syn_0251_0149.png,0149
syn_0252_2429.png,2429
syn_0253_5006.png,5006
syn_0254_4600.png,4600
syn_0255_4046.png,4046
syn_0256_5830.png,5830
syn_0257_5521.png,5521
syn_0258_2655.png,2655
syn_0259_1530.png,1530
syn_0260_3731.png,3731
syn_0261_1922.png,1922
syn_0262_3327.png,3327
syn_0263_3017.png,3017
syn_0264_2644.png,2644
syn_0265_1111.png,1111
syn_0266_5723.png,5723
syn_0267_1459.png,1459
syn_0268_3517.png,3517
syn_0269_0345.png,0345
syn_0270_1956.png,1956
syn_0271_0117.png,0117
syn_0272_4516.png,4516
syn_0273_3120.png,3120
syn_0274_0221.png,0221
syn_0275_3807.png,3807
syn_0276_3301.png,3301
syn_0277_4159.png,4159
syn_0278_0230.png,0230
syn_0279_3438.png,3438
syn_0280_5638.png,5638
syn_0281_4827.png,4827
syn_0282_2806.png,2806
syn_0283_2958.png,2958
syn_0284_3934.png,3934
syn_0285_5229.png,5229
syn_0286_0927.png,0927
syn_0287_3643.png,3643
syn_0288_2329.png,2329
syn_0289_1842.png,1842
syn_0290_1035.png,1035
syn_0291_4816.png,4816
syn_0292_2148.png,2148
syn_0293_4102.png,4102
syn_0294_4001.png,4001
syn_0295_1544.png,1544
syn_0296_2508.png,2508
syn_0297_3444.png,3444
syn_0298_2442.png,2442
syn_0299_5116.png,5116
syn_0300_3221.png,3221
syn_0301_0350.png,0350
syn_0302_2237.png,2237
syn_0303_0039.png,0039
syn_0304_1441.png,1441
syn_0305_1210.png,1210
syn_0306_2329.png,2329
syn_0307_0142.png,0142
syn_0308_5710.png,5710
syn_0309_1038.png,1038
syn_0310_4956.png,4956
syn_0311_1547.png,1547
syn_0312_1625.png,1625
syn_0313_5830.png,5830
syn_0314_3859.png,3859
syn_0315_1049.png,1049
syn_0316_0449.png,0449
syn_0317_5756.png,5756
syn_0318_2926.png,2926
syn_0319_3847.png,3847
syn_0320_1737.png,1737
syn_0321_4957.png,4957
syn_0322_1903.png,1903
syn_0323_1332.png,1332
syn_0324_4217.png,4217
syn_0325_1107.png,1107
syn_0326_5022.png,5022
syn_0327_2533.png,2533
syn_0328_4121.png,4121
syn_0329_3703.png,3703
syn_0330_4600.png,4600
syn_0331_1345.png,1345
syn_0332_2219.png,2219
syn_0333_3451.png,3451
syn_0334_3330.png,3330
syn_0335_5138.png,5138
syn_0336_4325.png,4325
syn_0337_3920.png,3920
syn_0338_5040.png,5040
syn_0339_2353.png,2353
syn_0340_4025.png,4025
syn_0341_4313.png,4313
syn_0342_2452.png,2452
syn_0343_2503.png,2503
syn_0344_0546.png,0546
syn_0345_3658.png,3658
syn_0346_5213.png,5213
syn_0347_1617.png,1617
syn_0348_4349.png,4349
syn_0349_0831.png,0831
syn_0350_1001.png,1001
syn_0351_1424.png,1424
syn_0352_5117.png,5117
syn_0353_2809.png,2809
syn_0354_5617.png,5617
syn_0355_5328.png,5328
syn_0356_0129.png,0129
syn_0357_4441.png,4441
syn_0358_5747.png,5747
syn_0359_2019.png,2019
syn_0360_5709.png,5709
syn_0361_0023.png,0023
syn_0362_4105.png,4105
syn_0363_4812.png,4812
syn_0364_3621.png,3621
syn_0365_1126.png,1126
syn_0366_0640.png,0640
syn_0367_0214.png,0214
syn_0368_5226.png,5226
syn_0369_3747.png,3747
syn_0370_4801.png,4801
syn_0371_4139.png,4139
syn_0372_5203.png,5203
syn_0373_3619.png,3619
syn_0374_0025.png,0025
syn_0375_4039.png,4039
syn_0376_3058.png,3058
syn_0377_3640.png,3640
syn_0378_5446.png,5446
syn_0379_0524.png,0524
syn_0380_2856.png,2856
syn_0381_4124.png,4124
syn_0382_0917.png,0917
syn_0383_3909.png,3909
syn_0384_3331.png,3331
syn_0385_5751.png,5751
syn_0386_2123.png,2123
syn_0387_1748.png,1748
syn_0388_4846.png,4846
syn_0389_5510.png,5510
syn_0390_1815.png,1815
syn_0391_0341.png,0341
syn_0392_2227.png,2227
syn_0393_3810.png,3810
syn_0394_1806.png,1806
syn_0395_0721.png,0721
syn_0396_2101.png,2101
syn_0397_3704.png,3704
syn_0398_5644.png,5644
syn_0399_5606.png,5606
syn_0400_3311.png,3311
syn_0401_2019.png,2019
syn_0402_0243.png,0243
syn_0403_5925.png,5925
syn_0404_2856.png,2856
syn_0405_5437.png,5437
syn_0406_4957.png,4957
syn_0407_4716.png,4716
syn_0408_1649.png,1649
syn_0409_4539.png,4539
syn_0410_4331.png,4331
syn_0411_5724.png,5724
syn_0412_2543.png,2543
syn_0413_0438.png,0438
syn_0414_1128.png,1128
syn_0415_3938.png,3938
syn_0416_0445.png,0445
syn_0417_1721.png,1721
syn_0418_3735.png,3735
syn_0419_0320.png,0320
syn_0420_4620.png,4620
syn_0421_0020.png,0020
syn_0422_0504.png,0504
syn_0423_2227.png,2227
syn_0424_1124.png,1124
syn_0425_4442.png,4442
syn_0426_0242.png,0242
syn_0427_2842.png,2842
syn_0428_3834.png,3834
syn_0429_3108.png,3108
syn_0430_0146.png,0146
syn_0431_4509.png,4509
syn_0432_0116.png,0116
syn_0433_0455.png,0455
syn_0434_4531.png,4531
syn_0435_3922.png,3922
syn_0436_4451.png,4451
syn_0437_4257.png,4257
syn_0438_3113.png,3113
syn_0439_4748.png,4748
syn_0440_0936.png,0936
syn_0441_3923.png,3923
syn_0442_4538.png,4538
syn_0443_2707.png,2707
syn_0444_5548.png,5548
syn_0445_1423.png,1423
syn_0446_3500.png,3500
syn_0447_1630.png,1630
syn_0448_5833.png,5833
syn_0449_1640.png,1640
syn_0450_1518.png,1518
syn_0451_2821.png,2821
syn_0452_4347.png,4347
syn_0453_5648.png,5648
syn_0454_0542.png,0542
syn_0455_3233.png,3233
syn_0456_1423.png,1423
syn_0457_2829.png,2829
syn_0458_2235.png,2235
syn_0459_0622.png,0622
syn_0460_3246.png,3246
syn_0461_3402.png,3402
syn_0462_5236.png,5236
syn_0463_4312.png,4312
syn_0464_3023.png,3023
syn_0465_4356.png,4356
syn_0466_1718.png,1718
syn_0467_4848.png,4848
syn_0468_3912.png,3912
syn_0469_0558.png,0558
syn_0470_0118.png,0118
syn_0471_0745.png,0745
syn_0472_0727.png,0727
syn_0473_0352.png,0352
syn_0474_4338.png,4338
syn_0475_0428.png,0428
syn_0476_2720.png,2720
syn_0477_3521.png,3521
syn_0478_4256.png,4256
syn_0479_3225.png,3225
syn_0480_1422.png,1422
syn_0481_4624.png,4624
syn_0482_0319.png,0319
syn_0483_0333.png,0333
syn_0484_4757.png,4757
syn_0485_4719.png,4719
syn_0486_1156.png,1156
syn_0487_0736.png,0736
syn_0488_3559.png,3559
syn_0489_3343.png,3343
syn_0490_1431.png,1431
syn_0491_2241.png,2241
syn_0492_0734.png,0734
syn_0493_4945.png,4945
syn_0494_1220.png,1220
syn_0495_0710.png,0710
syn_0496_2909.png,2909
syn_0497_5514.png,5514
syn_0498_0015.png,0015
syn_0499_2943.png,2943
syn_0500_5050.png,5050
syn_0501_2707.png,2707
syn_0502_5721.png,5721
syn_0503_3254.png,3254
syn_0504_0451.png,0451
syn_0505_4403.png,4403
syn_0506_0824.png,0824
syn_0507_0416.png,0416
syn_0508_5307.png,5307
syn_0509_3729.png,3729
syn_0510_2100.png,2100
syn_0511_2652.png,2652
syn_0512_2531.png,2531
syn_0513_4122.png,4122
syn_0514_2545.png,2545
syn_0515_4646.png,4646
syn_0516_1204.png,1204
syn_0517_1604.png,1604
syn_0518_0948.png,0948
syn_0519_1000.png,1000
syn_0520_3635.png,3635
syn_0521_5043.png,5043
syn_0522_2434.png,2434
syn_0523_2512.png,2512
syn_0524_5853.png,5853
syn_0525_5535.png,5535
syn_0526_1815.png,1815
syn_0527_3840.png,3840
syn_0528_2246.png,2246
syn_0529_2436.png,2436
syn_0530_3454.png,3454
syn_0531_1623.png,1623
syn_0532_5531.png,5531
syn_0533_1642.png,1642
syn_0534_2147.png,2147
syn_0535_5114.png,5114
syn_0536_4053.png,4053
syn_0537_5516.png,5516
syn_0538_5456.png,5456
syn_0539_4606.png,4606
syn_0540_4639.png,4639
syn_0541_2023.png,2023
syn_0542_1517.png,1517
syn_0543_1905.png,1905
syn_0544_1036.png,1036
syn_0545_2351.png,2351
syn_0546_2434.png,2434
syn_0547_5925.png,5925
syn_0548_1134.png,1134
syn_0549_3307.png,3307
syn_0550_0505.png,0505
syn_0551_3515.png,3515
syn_0552_3740.png,3740
syn_0553_5903.png,5903
syn_0554_1345.png,1345
syn_0555_4301.png,4301
syn_0556_0808.png,0808
syn_0557_5536.png,5536
syn_0558_0733.png,0733
syn_0559_0924.png,0924
syn_0560_1420.png,1420
syn_0561_3408.png,3408
syn_0562_4620.png,4620
syn_0563_1133.png,1133
syn_0564_1259.png,1259
syn_0565_4500.png,4500
syn_0566_3831.png,3831
syn_0567_2212.png,2212
syn_0568_1757.png,1757
syn_0569_1107.png,1107
syn_0570_5905.png,5905
syn_0571_2655.png,2655
syn_0572_3246.png,3246
syn_0573_1428.png,1428
syn_0574_2304.png,2304
syn_0575_4353.png,4353
syn_0576_5234.png,5234
syn_0577_3405.png,3405
syn_0578_5501.png,5501
syn_0579_2117.png,2117
syn_0580_0232.png,0232
syn_0581_1019.png,1019
syn_0582_0201.png,0201
syn_0583_2219.png,2219
syn_0584_4558.png,4558
syn_0585_3351.png,3351
syn_0586_5433.png,5433
syn_0587_5526.png,5526
syn_0588_0803.png,0803
syn_0589_2952.png,2952
syn_0590_5654.png,5654
syn_0591_2207.png,2207
syn_0592_2356.png,2356
syn_0593_5331.png,5331
syn_0594_5515.png,5515
syn_0595_2014.png,2014
syn_0596_2755.png,2755
syn_0597_5729.png,5729
syn_0598_3810.png,3810
syn_0599_0249.png,0249
syn_0600_4145.png,4145
syn_0601_4513.png,4513
syn_0602_4340.png,4340
syn_0603_5253.png,5253
syn_0604_1306.png,1306
syn_0605_2709.png,2709
syn_0606_2741.png,2741
syn_0607_1503.png,1503
syn_0608_0822.png,0822
syn_0609_0935.png,0935
syn_0610_2930.png,2930
syn_0611_4544.png,4544
syn_0612_5845.png,5845
syn_0613_4130.png,4130
syn_0614_4743.png,4743
syn_0615_3148.png,3148
syn_0616_1227.png,1227
syn_0617_0543.png,0543
syn_0618_4917.png,4917
syn_0619_2211.png,2211
syn_0620_2242.png,2242
syn_0621_0118.png,0118
syn_0622_5432.png,5432
syn_0623_1420.png,1420
syn_0624_2735.png,2735
syn_0625_5455.png,5455
syn_0626_2910.png,2910
syn_0627_1030.png,1030
syn_0628_0723.png,0723
syn_0629_2006.png,2006
syn_0630_3256.png,3256
syn_0631_4242.png,4242
syn_0632_4536.png,4536
syn_0633_3257.png,3257
syn_0634_1806.png,1806
syn_0635_2900.png,2900
syn_0636_1545.png,1545
syn_0637_1823.png,1823
syn_0638_5433.png,5433
syn_0639_0052.png,0052
syn_0640_1531.png,1531
syn_0641_1716.png,1716
syn_0642_3901.png,3901
syn_0643_5514.png,5514
syn_0644_2155.png,2155
syn_0645_4147.png,4147
syn_0646_5355.png,5355
syn_0647_0205.png,0205
syn_0648_2851.png,2851
syn_0649_1408.png,1408
syn_0650_4420.png,4420
syn_0651_0745.png,0745
syn_0652_1324.png,1324
syn_0653_2738.png,2738
syn_0654_0055.png,0055
syn_0655_4748.png,4748
syn_0656_1828.png,1828
syn_0657_4845.png,4845
syn_0658_2024.png,2024
syn_0659_1737.png,1737
syn_0660_1727.png,1727
syn_0661_2826.png,2826
syn_0662_4311.png,4311
syn_0663_4942.png,4942
syn_0664_5935.png,5935
syn_0665_4437.png,4437
syn_0666_3319.png,3319
syn_0667_1836.png,1836
syn_0668_5108.png,5108
syn_0669_2721.png,2721
syn_0670_3841.png,3841
syn_0671_0139.png,0139
syn_0672_2930.png,2930
syn_0673_5029.png,5029
syn_0674_0948.png,0948
syn_0675_4619.png,4619
syn_0676_5224.png,5224
syn_0677_3854.png,3854
syn_0678_5613.png,5613
syn_0679_4535.png,4535
syn_0680_4041.png,4041
syn_0681_1948.png,1948
syn_0682_5132.png,5132
syn_0683_1101.png,1101
syn_0684_2950.png,2950
syn_0685_1936.png,1936
syn_0686_3255.png,3255
syn_0687_0838.png,0838
syn_0688_4824.png,4824
syn_0689_5120.png,5120
syn_0690_3214.png,3214
syn_0691_5147.png,5147
syn_0692_0336.png,0336
syn_0693_2440.png,2440
syn_0694_5258.png,5258
syn_0695_4318.png,4318
syn_0696_3704.png,3704
syn_0697_2324.png,2324
syn_0698_0739.png,0739
syn_0699_4933.png,4933
syn_0700_5750.png,5750
syn_0701_5152.png,5152
syn_0702_3916.png,3916
syn_0703_0252.png,0252
syn_0704_2638.png,2638
syn_0705_5921.png,5921
syn_0706_5941.png,5941
syn_0707_4609.png,4609
syn_0708_4243.png,4243
syn_0709_1310.png,1310
syn_0710_2453.png,2453
syn_0711_1546.png,1546
syn_0712_4823.png,4823
syn_0713_3841.png,3841
syn_0714_3651.png,3651
syn_0715_0311.png,0311
syn_0716_4857.png,4857
syn_0717_5350.png,5350
syn_0718_5638.png,5638
syn_0719_0152.png,0152
syn_0720_3229.png,3229
syn_0721_5023.png,5023
syn_0722_2441.png,2441
syn_0723_3822.png,3822
syn_0724_2707.png,2707
syn_0725_3919.png,3919
syn_0726_0441.png,0441
syn_0727_5240.png,5240
syn_0728_0241.png,0241
syn_0729_3157.png,3157
syn_0730_1019.png,1019
syn_0731_5633.png,5633
syn_0732_5613.png,5613
syn_0733_1546.png,1546
syn_0734_1036.png,1036
syn_0735_1136.png,1136
syn_0736_4559.png,4559
syn_0737_3035.png,3035
syn_0738_3221.png,3221
syn_0739_4707.png,4707
syn_0740_3449.png,3449
syn_0741_2622.png,2622
syn_0742_3656.png,3656
syn_0743_0415.png,0415
syn_0744_0553.png,0553
syn_0745_3518.png,3518
syn_0746_2252.png,2252
syn_0747_1130.png,1130
syn_0748_2334.png,2334
syn_0749_3701.png,3701
syn_0750_1539.png,1539
syn_0751_2808.png,2808
syn_0752_5158.png,5158
syn_0753_4115.png,4115
syn_0754_5736.png,5736
syn_0755_2312.png,2312
syn_0756_5853.png,5853
syn_0757_3331.png,3331
syn_0758_2317.png,2317
syn_0759_1809.png,1809
syn_0760_2512.png,2512
syn_0761_2935.png,2935
syn_0762_5928.png,5928
syn_0763_0306.png,0306
syn_0764_0320.png,0320
syn_0765_0956.png,0956
syn_0766_5244.png,5244
syn_0767_2743.png,2743
syn_0768_0212.png,0212
syn_0769_2548.png,2548
syn_0770_0220.png,0220
syn_0771_4621.png,4621
syn_0772_0704.png,0704
syn_0773_3332.png,3332
syn_0774_0502.png,0502
syn_0775_2818.png,2818
syn_0776_0356.png,0356
syn_0777_4907.png,4907
syn_0778_0901.png,0901
syn_0779_3927.png,3927
syn_0780_5758.png,5758
syn_0781_4634.png,4634
syn_0782_1836.png,1836
syn_0783_2450.png,2450
syn_0784_2348.png,2348
syn_0785_5604.png,5604
syn_0786_1951.png,1951
syn_0787_1212.png,1212
syn_0788_4827.png,4827
syn_0789_0206.png,0206
syn_0790_3105.png,3105
syn_0791_1309.png,1309
syn_0792_2922.png,2922
syn_0793_1119.png,1119
syn_0794_4748.png,4748
syn_0795_2531.png,2531
syn_0796_5641.png,5641
syn_0797_0854.png,0854
syn_0798_0101.png,0101
syn_0799_2413.png,2413
syn_0800_0344.png,0344
syn_0801_2450.png,2450
syn_0802_3403.png,3403
syn_0803_4455.png,4455
syn_0804_3326.png,3326
syn_0805_1739.png,1739
syn_0806_3559.png,3559
syn_0807_2325.png,2325
syn_0808_1201.png,1201
syn_0809_4505.png,4505
syn_0810_3728.png,3728
syn_0811_5216.png,5216
syn_0812_0552.png,0552
syn_0813_5219.png,5219
syn_0814_4558.png,4558
syn_0815_2719.png,2719
syn_0816_4426.png,4426
syn_0817_4621.png,4621
syn_0818_2133.png,2133
syn_0819_1806.png,1806
syn_0820_5438.png,5438
syn_0821_0252.png,0252
syn_0822_4533.png,4533
syn_0823_2728.png,2728
syn_0824_3723.png,3723
syn_0825_0251.png,0251
syn_0826_1838.png,1838
syn_0827_1309.png,1309
syn_0828_5732.png,5732
syn_0829_5034.png,5034
syn_0830_0140.png,0140
syn_0831_4930.png,4930
syn_0832_0329.png,0329
syn_0833_3616.png,3616
syn_0834_1924.png,1924
syn_0835_5810.png,5810
syn_0836_4945.png,4945
syn_0837_0930.png,0930
syn_0838_2501.png,2501
syn_0839_3335.png,3335
syn_0840_0516.png,0516
syn_0841_0237.png,0237
syn_0842_0902.png,0902
syn_0843_1854.png,1854
syn_0844_3542.png,3542
syn_0845_3108.png,3108
syn_0846_5218.png,5218
syn_0847_0136.png,0136
syn_0848_5716.png,5716
syn_0849_4458.png,4458
syn_0850_1114.png,1114
syn_0851_2847.png,2847
syn_0852_3406.png,3406
syn_0853_5536.png,5536
syn_0854_1325.png,1325
syn_0855_4601.png,4601
syn_0856_4717.png,4717
syn_0857_3155.png,3155
syn_0858_2851.png,2851
syn_0859_4241.png,4241
syn_0860_4516.png,4516
syn_0861_5306.png,5306
syn_0862_4225.png,4225
syn_0863_3118.png,3118
syn_0864_0942.png,0942
syn_0865_0548.png,0548
syn_0866_5655.png,5655
syn_0867_5300.png,5300
syn_0868_5019.png,5019
syn_0869_3618.png,3618
syn_0870_0414.png,0414
syn_0871_0006.png,0006
syn_0872_4203.png,4203
syn_0873_4548.png,4548
syn_0874_1107.png,1107
syn_0875_5445.png,5445
syn_0876_1315.png,1315
syn_0877_5343.png,5343
syn_0878_4151.png,4151
syn_0879_1620.png,1620
syn_0880_0540.png,0540
syn_0881_4353.png,4353
syn_0882_5628.png,5628
syn_0883_0932.png,0932
syn_0884_0552.png,0552
syn_0885_2905.png,2905
syn_0886_4750.png,4750
syn_0887_5048.png,5048
syn_0888_0052.png,0052
syn_0889_4455.png,4455
syn_0890_3812.png,3812
syn_0891_3739.png,3739
syn_0892_0142.png,0142
syn_0893_5652.png,5652
syn_0894_4719.png,4719
syn_0895_5214.png,5214
syn_0896_5425.png,5425
syn_0897_5858.png,5858
syn_0898_1738.png,1738
syn_0899_1358.png,1358
syn_0900_0726.png,0726
syn_0901_5000.png,5000
syn_0902_5354.png,5354
syn_0903_2725.png,2725
syn_0904_4140.png,4140
syn_0905_4922.png,4922
syn_0906_3230.png,3230
syn_0907_2644.png,2644
syn_0908_5913.png,5913
syn_0909_3550.png,3550
syn_0910_1822.png,1822
syn_0911_5413.png,5413
syn_0912_2327.png,2327
syn_0913_5945.png,5945
syn_0914_5051.png,5051
syn_0915_2024.png,2024
syn_0916_4235.png,4235
syn_0917_5047.png,5047
syn_0918_2544.png,2544
syn_0919_2142.png,2142
syn_0920_2540.png,2540
syn_0921_1230.png,1230
syn_0922_0527.png,0527
syn_0923_2940.png,2940
syn_0924_1636.png,1636
syn_0925_1801.png,1801
syn_0926_4709.png,4709
syn_0927_4703.png,4703
syn_0928_0248.png,0248
syn_0929_5754.png,5754
syn_0930_3710.png,3710
syn_0931_5350.png,5350
syn_0932_2817.png,2817
syn_0933_2500.png,2500
syn_0934_0401.png,0401
syn_0935_4320.png,4320
syn_0936_0500.png,0500
syn_0937_1259.png,1259
syn_0938_4157.png,4157
syn_0939_0745.png,0745
syn_0940_1904.png,1904
syn_0941_2149.png,2149
syn_0942_4852.png,4852
syn_0943_2510.png,2510
syn_0944_2549.png,2549
syn_0945_3339.png,3339
syn_0946_3847.png,3847
syn_0947_0423.png,0423
syn_0948_5831.png,5831
syn_0949_3319.png,3319
syn_0950_0018.png,0018
syn_0951_1004.png,1004
syn_0952_5431.png,5431
syn_0953_5951.png,5951
syn_0954_0558.png,0558
syn_0955_2341.png,2341
syn_0956_3203.png,3203
syn_0957_5519.png,5519
syn_0958_3546.png,3546
syn_0959_3135.png,3135
syn_0960_4930.png,4930
syn_0961_2329.png,2329
syn_0962_4037.png,4037
syn_0963_0008.png,0008
syn_0964_5414.png,5414
syn_0965_2717.png,2717
syn_0966_5835.png,5835
syn_0967_0651.png,0651
syn_0968_3407.png,3407
syn_0969_3727.png,3727
syn_0970_3418.png,3418
syn_0971_2154.png,2154
syn_0972_4148.png,4148
syn_0973_5644.png,5644
syn_0974_0811.png,0811
syn_0975_4930.png,4930
syn_0976_5035.png,5035
syn_0977_5145.png,5145
syn_0978_3508.png,3508
syn_0979_4736.png,4736
syn_0980_1710.png,1710
syn_0981_4434.png,4434
syn_0982_0734.png,0734
syn_0983_3104.png,3104
syn_0984_4638.png,4638
syn_0985_1249.png,1249
syn_0986_2732.png,2732
syn_0987_4157.png,4157
syn_0988_1459.png,1459
syn_0989_4444.png,4444
syn_0990_1017.png,1017
syn_0991_2145.png,2145
syn_0992_1450.png,1450
syn_0993_0524.png,0524
syn_0994_5307.png,5307
syn_0995_5120.png,5120
syn_0996_0559.png,0559
syn_0997_4753.png,4753
syn_0998_0107.png,0107
syn_0999_2117.png,2117
syn_1000_4520.png,4520
syn_1001_4815.png,4815
syn_1002_1326.png,1326
syn_1003_0408.png,0408
syn_1004_1151.png,1151
syn_1005_2105.png,2105
syn_1006_2830.png,2830
syn_1007_4832.png,4832
syn_1008_4250.png,4250
syn_1009_1334.png,1334
syn_1010_3914.png,3914
syn_1011_2306.png,2306
syn_1012_5554.png,5554
syn_1013_5149.png,5149
syn_1014_3613.png,3613
syn_1015_3734.png,3734
syn_1016_2153.png,2153
syn_1017_1116.png,1116
syn_1018_0628.png,0628
syn_1019_0031.png,0031
syn_1020_4520.png,4520
syn_1021_3603.png,3603
syn_1022_2851.png,2851
syn_1023_2302.png,2302
syn_1024_0141.png,0141
syn_1025_3801.png,3801
syn_1026_3406.png,3406
syn_1027_5201.png,5201
syn_1028_4945.png,4945
syn_1029_5742.png,5742
syn_1030_0613.png,0613
syn_1031_4924.png,4924
syn_1032_0058.png,0058
syn_1033_0656.png,0656
syn_1034_1442.png,1442
syn_1035_5810.png,5810
syn_1036_4834.png,4834
syn_1037_3123.png,3123
syn_1038_0924.png,0924
syn_1039_5403.png,5403
syn_1040_3430.png,3430
syn_1041_1157.png,1157
syn_1042_2827.png,2827
syn_1043_0651.png,0651
syn_1044_2048.png,2048
syn_1045_1724.png,1724
syn_1046_3817.png,3817
syn_1047_2538.png,2538
syn_1048_0003.png,0003
syn_1049_4110.png,4110
syn_1050_0953.png,0953
syn_1051_4520.png,4520
syn_1052_3458.png,3458
syn_1053_2355.png,2355
syn_1054_3843.png,3843
syn_1055_2256.png,2256
syn_1056_5430.png,5430
syn_1057_4048.png,4048
syn_1058_2108.png,2108
syn_1059_0252.png,0252
syn_1060_2545.png,2545
syn_1061_1912.png,1912
syn_1062_1912.png,1912
syn_1063_4320.png,4320
syn_1064_4555.png,4555
syn_1065_4612.png,4612
syn_1066_2642.png,2642
syn_1067_5521.png,5521
syn_1068_1731.png,1731
syn_1069_3212.png,3212
syn_1070_3027.png,3027
syn_1071_2306.png,2306
syn_1072_0015.png,0015
syn_1073_2156.png,2156
syn_1074_5152.png,5152
syn_1075_1320.png,1320
syn_1076_4512.png,4512
syn_1077_3545.png,3545
syn_1078_5551.png,5551
syn_1079_2157.png,2157
syn_1080_4352.png,4352
syn_1081_2306.png,2306
syn_1082_5756.png,5756
syn_1083_5913.png,5913
syn_1084_0424.png,0424
syn_1085_0640.png,0640
syn_1086_5157.png,5157
syn_1087_4819.png,4819
syn_1088_1456.png,1456
syn_1089_2319.png,2319
syn_1090_0712.png,0712
syn_1091_5212.png,5212
syn_1092_5058.png,5058
syn_1093_3227.png,3227
syn_1094_3552.png,3552
syn_1095_4743.png,4743
syn_1096_3620.png,3620
syn_1097_2927.png,2927
syn_1098_0305.png,0305
syn_1099_5057.png,5057
syn_1100_2807.png,2807
syn_1101_1119.png,1119
syn_1102_2107.png,2107
syn_1103_0530.png,0530
syn_1104_1422.png,1422
syn_1105_3219.png,3219
syn_1106_0835.png,0835
syn_1107_5108.png,5108
syn_1108_3615.png,3615
syn_1109_5537.png,5537
syn_1110_4230.png,4230
syn_1111_0927.png,0927
syn_1112_3448.png,3448
syn_1113_4646.png,4646
syn_1114_2030.png,2030
syn_1115_2105.png,2105
syn_1116_2916.png,2916
syn_1117_5336.png,5336
syn_1118_4421.png,4421
syn_1119_5432.png,5432
syn_1120_1113.png,1113
syn_1121_1713.png,1713
syn_1122_4648.png,4648
syn_1123_1215.png,1215
syn_1124_4105.png,4105
syn_1125_4416.png,4416
syn_1126_1923.png,1923
syn_1127_0157.png,0157
syn_1128_3006.png,3006
syn_1129_0144.png,0144
syn_1130_4812.png,4812
syn_1131_5745.png,5745
syn_1132_3320.png,3320
syn_1133_1002.png,1002
syn_1134_5233.png,5233
syn_1135_0329.png,0329
syn_1136_3602.png,3602
syn_1137_0326.png,0326
syn_1138_3716.png,3716
syn_1139_3229.png,3229
syn_1140_4910.png,4910
syn_1141_2706.png,2706
syn_1142_2921.png,2921
syn_1143_3313.png,3313
syn_1144_0305.png,0305
syn_1145_5104.png,5104
syn_1146_4542.png,4542
syn_1147_5600.png,5600
syn_1148_3956.png,3956
syn_1149_2051.png,2051
syn_1150_4753.png,4753
syn_1151_3913.png,3913
syn_1152_0935.png,0935
syn_1153_0640.png,0640
syn_1154_3343.png,3343
syn_1155_0605.png,0605
syn_1156_5235.png,5235
syn_1157_4438.png,4438
syn_1158_4106.png,4106
syn_1159_5611.png,5611
syn_1160_4444.png,4444
syn_1161_3757.png,3757
syn_1162_3237.png,3237
syn_1163_5034.png,5034
syn_1164_3838.png,3838
syn_1165_1205.png,1205
syn_1166_4243.png,4243
syn_1167_4516.png,4516
syn_1168_3909.png,3909
syn_1169_1558.png,1558
syn_1170_5325.png,5325
syn_1171_5803.png,5803
syn_1172_4445.png,4445
syn_1173_4234.png,4234
syn_1174_4821.png,4821
syn_1175_5949.png,5949
syn_1176_2438.png,2438
syn_1177_2728.png,2728
syn_1178_4213.png,4213
syn_1179_0128.png,0128
syn_1180_0444.png,0444
syn_1181_3724.png,3724
syn_1182_3812.png,3812
syn_1183_5953.png,5953
syn_1184_0805.png,0805
syn_1185_3001.png,3001
syn_1186_3155.png,3155
syn_1187_5217.png,5217
syn_1188_4128.png,4128
syn_1189_2014.png,2014
syn_1190_1600.png,1600
syn_1191_3638.png,3638
syn_1192_1017.png,1017
syn_1193_2822.png,2822
syn_1194_0420.png,0420
syn_1195_2439.png,2439
syn_1196_0535.png,0535
syn_1197_2247.png,2247
syn_1198_5410.png,5410
syn_1199_1551.png,1551
syn_1200_3535.png,3535
syn_1201_2404.png,2404
syn_1202_0742.png,0742
syn_1203_2416.png,2416
syn_1204_4221.png,4221
syn_1205_0657.png,0657
syn_1206_4441.png,4441
syn_1207_4443.png,4443
syn_1208_1508.png,1508
syn_1209_4334.png,4334
syn_1210_4531.png,4531
syn_1211_5755.png,5755
syn_1212_5400.png,5400
syn_1213_2052.png,2052
syn_1214_0812.png,0812
syn_1215_4442.png,4442
syn_1216_2735.png,2735
syn_1217_4230.png,4230
syn_1218_2041.png,2041
syn_1219_0719.png,0719
syn_1220_4423.png,4423
syn_1221_3132.png,3132
syn_1222_2723.png,2723
syn_1223_2020.png,2020
syn_1224_3626.png,3626
syn_1225_2514.png,2514
syn_1226_0442.png,0442
syn_1227_1048.png,1048
syn_1228_5638.png,5638
syn_1229_4344.png,4344
syn_1230_2750.png,2750
syn_1231_4356.png,4356
syn_1232_5842.png,5842
syn_1233_2751.png,2751
syn_1234_1537.png,1537
syn_1235_1030.png,1030
syn_1236_3731.png,3731
syn_1237_2943.png,2943
syn_1238_1106.png,1106
syn_1239_4033.png,4033
syn_1240_5043.png,5043
syn_1241_1320.png,1320
syn_1242_4602.png,4602
syn_1243_5123.png,5123
syn_1244_4033.png,4033
syn_1245_4747.png,4747
syn_1246_3615.png,3615
syn_1247_2233.png,2233
syn_1248_5751.png,5751
syn_1249_1359.png,1359
syn_1250_4641.png,4641
syn_1251_5804.png,5804
syn_1252_1705.png,1705
syn_1253_1810.png,1810
syn_1254_5439.png,5439
syn_1255_1931.png,1931
syn_1256_4113.png,4113
syn_1257_2748.png,2748
syn_1258_2736.png,2736
syn_1259_1129.png,1129
syn_1260_4147.png,4147
syn_1261_3737.png,3737
syn_1262_5117.png,5117
syn_1263_2550.png,2550
syn_1264_5454.png,5454
syn_1265_4343.png,4343
syn_1266_2248.png,2248
syn_1267_5329.png,5329
syn_1268_0031.png,0031
syn_1269_3541.png,3541
syn_1270_2043.png,2043
syn_1271_1557.png,1557
syn_1272_0842.png,0842
syn_1273_4035.png,4035
syn_1274_2043.png,2043
syn_1275_0446.png,0446
syn_1276_0700.png,0700
syn_1277_0208.png,0208
syn_1278_3554.png,3554
syn_1279_3415.png,3415
syn_1280_3829.png,3829
syn_1281_0208.png,0208
syn_1282_3218.png,3218
syn_1283_1740.png,1740
syn_1284_5453.png,5453
syn_1285_5427.png,5427
syn_1286_4845.png,4845
syn_1287_5931.png,5931
syn_1288_2539.png,2539
syn_1289_2724.png,2724
syn_1290_3858.png,3858
syn_1291_3506.png,3506
syn_1292_2151.png,2151
syn_1293_2335.png,2335
syn_1294_5828.png,5828
syn_1295_2244.png,2244
syn_1296_4151.png,4151
syn_1297_5346.png,5346
syn_1298_4734.png,4734
syn_1299_1213.png,1213
syn_1300_4400.png,4400
syn_1301_4150.png,4150
syn_1302_0355.png,0355
syn_1303_1344.png,1344
syn_1304_3357.png,3357
syn_1305_3544.png,3544
syn_1306_4215.png,4215
syn_1307_1538.png,1538
syn_1308_1546.png,1546
syn_1309_1400.png,1400
syn_1310_2146.png,2146
syn_1311_1226.png,1226
syn_1312_0620.png,0620
syn_1313_5725.png,5725
syn_1314_2353.png,2353
syn_1315_3842.png,3842
syn_1316_0554.png,0554
syn_1317_1812.png,1812
syn_1318_5050.png,5050
syn_1319_4451.png,4451
syn_1320_4705.png,4705
syn_1321_1346.png,1346
syn_1322_0440.png,0440
syn_1323_2748.png,2748
syn_1324_0824.png,0824
syn_1325_0345.png,0345
syn_1326_2258.png,2258
syn_1327_5617.png,5617
syn_1328_2947.png,2947
syn_1329_3749.png,3749
syn_1330_2704.png,2704
syn_1331_3212.png,3212
syn_1332_1943.png,1943
syn_1333_1336.png,1336
syn_1334_3232.png,3232
syn_1335_5410.png,5410
syn_1336_4712.png,4712
syn_1337_0003.png,0003
syn_1338_2816.png,2816
syn_1339_4749.png,4749
syn_1340_4006.png,4006
syn_1341_5918.png,5918
syn_1342_3829.png,3829
syn_1343_2237.png,2237
syn_1344_1647.png,1647
syn_1345_4458.png,4458
syn_1346_1409.png,1409
syn_1347_0636.png,0636
syn_1348_2831.png,2831
syn_1349_1234.png,1234
syn_1350_1212.png,1212
syn_1351_5047.png,5047
syn_1352_4543.png,4543
syn_1353_5210.png,5210
syn_1354_3057.png,3057
syn_1355_2138.png,2138
syn_1356_5011.png,5011
syn_1357_0643.png,0643
syn_1358_2617.png,2617
syn_1359_2857.png,2857
syn_1360_3128.png,3128
syn_1361_3402.png,3402
syn_1362_2500.png,2500
syn_1363_3656.png,3656
syn_1364_2920.png,2920
syn_1365_5154.png,5154
syn_1366_3633.png,3633
syn_1367_1041.png,1041
syn_1368_0235.png,0235
syn_1369_3256.png,3256
syn_1370_4908.png,4908
syn_1371_3954.png,3954
syn_1372_2010.png,2010
syn_1373_2740.png,2740
syn_1374_4358.png,4358
syn_1375_4535.png,4535
syn_1376_3656.png,3656
syn_1377_1747.png,1747
syn_1378_5749.png,5749
syn_1379_1001.png,1001
syn_1380_3645.png,3645
syn_1381_4254.png,4254
syn_1382_3152.png,3152
syn_1383_4838.png,4838
syn_1384_3954.png,3954
syn_1385_0357.png,0357
syn_1386_2500.png,2500
syn_1387_0256.png,0256
syn_1388_5041.png,5041
syn_1389_3939.png,3939
syn_1390_0310.png,0310
syn_1391_2903.png,2903
syn_1392_5132.png,5132
syn_1393_2747.png,2747
syn_1394_2856.png,2856
syn_1395_2239.png,2239
syn_1396_1020.png,1020
syn_1397_2509.png,2509
syn_1398_4637.png,4637
syn_1399_2954.png,2954
syn_1400_0813.png,0813
syn_1401_5724.png,5724
syn_1402_3911.png,3911
syn_1403_0546.png,0546
syn_1404_2050.png,2050
syn_1405_5642.png,5642
syn_1406_5747.png,5747
syn_1407_0651.png,0651
syn_1408_4123.png,4123
syn_1409_4705.png,4705
syn_1410_3858.png,3858
syn_1411_5128.png,5128
syn_1412_4336.png,4336
syn_1413_5313.png,5313
syn_1414_3210.png,3210
syn_1415_3657.png,3657
syn_1416_0405.png,0405
syn_1417_1209.png,1209
syn_1418_3216.png,3216
syn_1419_4928.png,4928
syn_1420_3825.png,3825
syn_1421_3656.png,3656
syn_1422_1224.png,1224
syn_1423_1547.png,1547
syn_1424_5733.png,5733
syn_1425_4903.png,4903
syn_1426_4714.png,4714
syn_1427_1139.png,1139
syn_1428_2924.png,2924
syn_1429_4059.png,4059
syn_1430_1810.png,1810
syn_1431_0144.png,0144
syn_1432_2949.png,2949
syn_1433_4751.png,4751
syn_1434_1715.png,1715
syn_1435_1948.png,1948
syn_1436_1040.png,1040
syn_1437_1356.png,1356
syn_1438_4435.png,4435
syn_1439_5137.png,5137
syn_1440_0909.png,0909
syn_1441_4818.png,4818
syn_1442_2604.png,2604
syn_1443_5018.png,5018
syn_1444_2052.png,2052
syn_1445_3936.png,3936
syn_1446_2033.png,2033
syn_1447_5716.png,5716
syn_1448_5551.png,5551
syn_1449_3629.png,3629
syn_1450_4518.png,4518
syn_1451_5122.png,5122
syn_1452_2532.png,2532
syn_1453_1433.png,1433
syn_1454_5828.png,5828
syn_1455_4230.png,4230
syn_1456_5628.png,5628
syn_1457_3016.png,3016
syn_1458_3215.png,3215
syn_1459_1340.png,1340
syn_1460_0502.png,0502
syn_1461_3528.png,3528
syn_1462_0044.png,0044
syn_1463_1201.png,1201
syn_1464_1913.png,1913
syn_1465_2647.png,2647
syn_1466_1301.png,1301
syn_1467_3653.png,3653
syn_1468_0533.png,0533
syn_1469_3814.png,3814
syn_1470_0643.png,0643
syn_1471_1723.png,1723
syn_1472_2308.png,2308
syn_1473_2008.png,2008
syn_1474_0600.png,0600
syn_1475_3910.png,3910
syn_1476_5529.png,5529
syn_1477_1659.png,1659
syn_1478_4850.png,4850
syn_1479_1944.png,1944
syn_1480_4228.png,4228
syn_1481_2152.png,2152
syn_1482_0139.png,0139
syn_1483_4603.png,4603
syn_1484_4056.png,4056
syn_1485_5314.png,5314
syn_1486_3232.png,3232
syn_1487_2137.png,2137
syn_1488_4546.png,4546
syn_1489_1344.png,1344
syn_1490_1601.png,1601
syn_1491_1038.png,1038
syn_1492_3908.png,3908
syn_1493_5357.png,5357
syn_1494_0022.png,0022
syn_1495_3009.png,3009
syn_1496_3947.png,3947
syn_1497_5937.png,5937
syn_1498_4400.png,4400
syn_1499_3110.png,3110
syn_1500_5228.png,5228
syn_1501_0632.png,0632
syn_1502_1118.png,1118
syn_1503_1329.png,1329
syn_1504_1359.png,1359
syn_1505_3338.png,3338
syn_1506_1020.png,1020
syn_1507_0913.png,0913
syn_1508_1747.png,1747
syn_1509_3406.png,3406
syn_1510_5539.png,5539
syn_1511_0354.png,0354
syn_1512_2326.png,2326
syn_1513_5226.png,5226
syn_1514_1329.png,1329
syn_1515_3525.png,3525
syn_1516_5321.png,5321
syn_1517_3024.png,3024
syn_1518_1638.png,1638
syn_1519_2933.png,2933
syn_1520_3539.png,3539
syn_1521_3311.png,3311
syn_1522_2639.png,2639
syn_1523_3845.png,3845
syn_1524_1836.png,1836
syn_1525_5819.png,5819
syn_1526_4956.png,4956
syn_1527_2112.png,2112
syn_1528_3633.png,3633
syn_1529_2107.png,2107
syn_1530_5134.png,5134
syn_1531_0245.png,0245
syn_1532_4124.png,4124
syn_1533_5636.png,5636
syn_1534_4057.png,4057
syn_1535_5219.png,5219
syn_1536_0942.png,0942
syn_1537_3832.png,3832
syn_1538_4402.png,4402
syn_1539_5053.png,5053
syn_1540_3704.png,3704
syn_1541_1649.png,1649
syn_1542_3549.png,3549
syn_1543_4713.png,4713
syn_1544_1455.png,1455
syn_1545_0928.png,0928
syn_1546_3300.png,3300
syn_1547_3831.png,3831
syn_1548_4407.png,4407
syn_1549_4303.png,4303
syn_1550_2741.png,2741
syn_1551_1433.png,1433
syn_1552_2850.png,2850
syn_1553_5852.png,5852
syn_1554_0540.png,0540
syn_1555_5430.png,5430
syn_1556_4235.png,4235
syn_1557_0452.png,0452
syn_1558_1203.png,1203
syn_1559_5441.png,5441
syn_1560_4926.png,4926
syn_1561_1759.png,1759
syn_1562_4643.png,4643
syn_1563_4735.png,4735
syn_1564_3215.png,3215
syn_1565_3521.png,3521
syn_1566_5540.png,5540
syn_1567_2312.png,2312
syn_1568_2928.png,2928
syn_1569_5846.png,5846
syn_1570_5746.png,5746
syn_1571_5900.png,5900
syn_1572_1326.png,1326
syn_1573_0307.png,0307
syn_1574_0019.png,0019
syn_1575_4527.png,4527
syn_1576_1444.png,1444
syn_1577_5436.png,5436
syn_1578_0411.png,0411
syn_1579_4918.png,4918
syn_1580_5827.png,5827
syn_1581_5102.png,5102
syn_1582_2104.png,2104
syn_1583_0724.png,0724
syn_1584_2430.png,2430
syn_1585_1042.png,1042
syn_1586_3951.png,3951
syn_1587_2809.png,2809
syn_1588_1527.png,1527
syn_1589_2846.png,2846
syn_1590_0504.png,0504
syn_1591_4643.png,4643
syn_1592_3324.png,3324
syn_1593_2622.png,2622
syn_1594_3120.png,3120
syn_1595_5228.png,5228
syn_1596_4842.png,4842
syn_1597_1946.png,1946
syn_1598_4933.png,4933
syn_1599_0933.png,0933
syn_1600_1836.png,1836
syn_1601_4235.png,4235
syn_1602_3827.png,3827
syn_1603_2403.png,2403
syn_1604_0427.png,0427
syn_1605_0817.png,0817
syn_1606_5051.png,5051
syn_1607_1535.png,1535
syn_1608_3416.png,3416
syn_1609_5655.png,5655
syn_1610_2419.png,2419
syn_1611_1522.png,1522
syn_1612_1401.png,1401
syn_1613_1053.png,1053
syn_1614_1003.png,1003
syn_1615_3256.png,3256
syn_1616_2931.png,2931
syn_1617_4045.png,4045
syn_1618_5857.png,5857
syn_1619_1735.png,1735
syn_1620_4839.png,4839
syn_1621_3047.png,3047
syn_1622_1144.png,1144
syn_1623_0530.png,0530
syn_1624_3942.png,3942
syn_1625_5907.png,5907
syn_1626_3914.png,3914
syn_1627_3526.png,3526
syn_1628_2951.png,2951
syn_1629_5622.png,5622
syn_1630_3533.png,3533
syn_1631_3109.png,3109
syn_1632_0156.png,0156
syn_1633_2449.png,2449
syn_1634_0159.png,0159
syn_1635_3901.png,3901
syn_1636_1722.png,1722
syn_1637_0011.png,0011
syn_1638_2646.png,2646
syn_1639_5213.png,5213
syn_1640_2326.png,2326
syn_1641_3525.png,3525
syn_1642_0600.png,0600
syn_1643_2101.png,2101
syn_1644_3455.png,3455
syn_1645_0452.png,0452
syn_1646_3412.png,3412
syn_1647_0752.png,0752
syn_1648_1445.png,1445
syn_1649_5245.png,5245
syn_1650_5916.png,5916
syn_1651_3217.png,3217
syn_1652_3333.png,3333
syn_1653_2654.png,2654
syn_1654_1334.png,1334
syn_1655_4026.png,4026
syn_1656_4158.png,4158
syn_1657_5945.png,5945
syn_1658_3720.png,3720
syn_1659_0803.png,0803
syn_1660_1731.png,1731
syn_1661_0829.png,0829
syn_1662_2832.png,2832
syn_1663_3742.png,3742
syn_1664_1900.png,1900
syn_1665_1612.png,1612
syn_1666_0839.png,0839
syn_1667_3003.png,3003
syn_1668_1423.png,1423
syn_1669_3316.png,3316
syn_1670_0710.png,0710
syn_1671_3718.png,3718
syn_1672_5744.png,5744
syn_1673_5353.png,5353
syn_1674_3244.png,3244
syn_1675_0226.png,0226
syn_1676_5457.png,5457
syn_1677_2552.png,2552
syn_1678_3038.png,3038
syn_1679_2828.png,2828
syn_1680_0941.png,0941
syn_1681_4615.png,4615
syn_1682_4218.png,4218
syn_1683_4346.png,4346
syn_1684_4409.png,4409
syn_1685_4705.png,4705
syn_1686_1128.png,1128
syn_1687_2758.png,2758
syn_1688_4840.png,4840
syn_1689_1015.png,1015
syn_1690_2632.png,2632
syn_1691_5750.png,5750
syn_1692_0923.png,0923
syn_1693_4341.png,4341
syn_1694_5443.png,5443
syn_1695_2010.png,2010
syn_1696_0903.png,0903
syn_1697_3151.png,3151
syn_1698_4619.png,4619
syn_1699_2632.png,2632
syn_1700_5851.png,5851
syn_1701_2848.png,2848
syn_1702_1906.png,1906
syn_1703_4018.png,4018
syn_1704_2808.png,2808
syn_1705_3120.png,3120
syn_1706_0709.png,0709
syn_1707_0830.png,0830
syn_1708_2019.png,2019
syn_1709_3758.png,3758
syn_1710_2101.png,2101
syn_1711_4417.png,4417
syn_1712_2519.png,2519
syn_1713_1216.png,1216
syn_1714_3230.png,3230
syn_1715_2748.png,2748
syn_1716_3620.png,3620
syn_1717_0142.png,0142
syn_1718_4845.png,4845
syn_1719_1325.png,1325
syn_1720_4753.png,4753
syn_1721_4704.png,4704
syn_1722_5707.png,5707
syn_1723_0518.png,0518
syn_1724_0351.png,0351
syn_1725_0534.png,0534
syn_1726_5111.png,5111
syn_1727_5233.png,5233
syn_1728_3653.png,3653
syn_1729_3843.png,3843
syn_1730_5513.png,5513
syn_1731_1720.png,1720
syn_1732_2000.png,2000
syn_1733_1144.png,1144
syn_1734_0908.png,0908
syn_1735_2042.png,2042
syn_1736_1210.png,1210
syn_1737_4823.png,4823
syn_1738_1555.png,1555
syn_1739_4446.png,4446
syn_1740_5039.png,5039
syn_1741_5835.png,5835
syn_1742_4623.png,4623
syn_1743_5931.png,5931
syn_1744_2034.png,2034
syn_1745_3836.png,3836
syn_1746_0727.png,0727
syn_1747_1543.png,1543
syn_1748_0108.png,0108
syn_1749_4721.png,4721
syn_1750_4245.png,4245
syn_1751_2855.png,2855
syn_1752_0235.png,0235
syn_1753_1706.png,1706
syn_1754_2939.png,2939
syn_1755_4926.png,4926
syn_1756_5529.png,5529
syn_1757_5030.png,5030
syn_1758_1719.png,1719
syn_1759_1355.png,1355
syn_1760_1613.png,1613
syn_1761_2122.png,2122
syn_1762_0448.png,0448
syn_1763_5845.png,5845
syn_1764_4213.png,4213
syn_1765_0554.png,0554
syn_1766_1919.png,1919
syn_1767_1005.png,1005
syn_1768_2243.png,2243
syn_1769_5540.png,5540
syn_1770_4343.png,4343
syn_1771_3338.png,3338
syn_1772_4004.png,4004
syn_1773_2108.png,2108
syn_1774_5813.png,5813
syn_1775_2752.png,2752
syn_1776_5427.png,5427
syn_1777_5525.png,5525
syn_1778_1638.png,1638
syn_1779_3813.png,3813
syn_1780_2917.png,2917
syn_1781_3041.png,3041
syn_1782_3743.png,3743
syn_1783_5028.png,5028
syn_1784_4442.png,4442
syn_1785_4210.png,4210
syn_1786_2849.png,2849
syn_1787_5816.png,5816
syn_1788_5123.png,5123
syn_1789_1022.png,1022
syn_1790_2320.png,2320
syn_1791_5728.png,5728
syn_1792_4524.png,4524
syn_1793_3906.png,3906
syn_1794_0044.png,0044
syn_1795_5415.png,5415
syn_1796_1838.png,1838
syn_1797_5656.png,5656
syn_1798_3215.png,3215
syn_1799_5307.png,5307
syn_1800_2019.png,2019
syn_1801_4533.png,4533
syn_1802_4310.png,4310
syn_1803_1938.png,1938
syn_1804_5948.png,5948
syn_1805_2734.png,2734
syn_1806_3623.png,3623
syn_1807_0001.png,0001
syn_1808_0528.png,0528
syn_1809_4048.png,4048
syn_1810_5325.png,5325
syn_1811_2633.png,2633
syn_1812_1443.png,1443
syn_1813_4531.png,4531
syn_1814_1241.png,1241
syn_1815_5128.png,5128
syn_1816_3255.png,3255
syn_1817_2458.png,2458
syn_1818_2159.png,2159
syn_1819_2911.png,2911
syn_1820_0817.png,0817
syn_1821_0921.png,0921
syn_1822_1551.png,1551
syn_1823_0831.png,0831
syn_1824_1054.png,1054
syn_1825_0035.png,0035
syn_1826_2428.png,2428
syn_1827_1240.png,1240
syn_1828_2056.png,2056
syn_1829_1706.png,1706
syn_1830_3727.png,3727
syn_1831_1814.png,1814
syn_1832_3718.png,3718
syn_1833_0148.png,0148
syn_1834_1501.png,1501
syn_1835_2308.png,2308
syn_1836_4827.png,4827
syn_1837_3526.png,3526
syn_1838_3621.png,3621
syn_1839_3316.png,3316
syn_1840_1412.png,1412
syn_1841_2418.png,2418
syn_1842_4921.png,4921
syn_1843_1009.png,1009
syn_1844_0000.png,0000
syn_1845_4901.png,4901
syn_1846_5254.png,5254
syn_1847_2145.png,2145
syn_1848_1240.png,1240
syn_1849_1655.png,1655
syn_1850_5741.png,5741
syn_1851_0859.png,0859
syn_1852_4056.png,4056
syn_1853_2911.png,2911
syn_1854_0902.png,0902
syn_1855_0402.png,0402
syn_1856_1212.png,1212
syn_1857_2426.png,2426
syn_1858_5131.png,5131
syn_1859_5242.png,5242
syn_1860_4009.png,4009
syn_1861_3455.png,3455
syn_1862_4643.png,4643
syn_1863_0327.png,0327
syn_1864_0212.png,0212
syn_1865_0911.png,0911
syn_1866_4600.png,4600
syn_1867_2125.png,2125
syn_1868_3525.png,3525
syn_1869_4134.png,4134
syn_1870_2322.png,2322
syn_1871_3349.png,3349
syn_1872_3825.png,3825
syn_1873_2201.png,2201
syn_1874_0949.png,0949
syn_1875_2134.png,2134
syn_1876_4534.png,4534
syn_1877_0300.png,0300
syn_1878_1950.png,1950
syn_1879_1942.png,1942
syn_1880_1809.png,1809
syn_1881_3244.png,3244
syn_1882_0721.png,0721
syn_1883_3420.png,3420
syn_1884_2416.png,2416
syn_1885_2609.png,2609
syn_1886_1220.png,1220
syn_1887_2656.png,2656
syn_1888_2736.png,2736
syn_1889_2831.png,2831
syn_1890_3704.png,3704
syn_1891_3726.png,3726
syn_1892_4337.png,4337
syn_1893_5803.png,5803
syn_1894_4807.png,4807
syn_1895_3305.png,3305
syn_1896_0136.png,0136
syn_1897_3556.png,3556
syn_1898_4858.png,4858
syn_1899_4405.png,4405
syn_1900_0123.png,0123
syn_1901_5421.png,5421
syn_1902_2420.png,2420
syn_1903_4108.png,4108
syn_1904_2247.png,2247
syn_1905_4642.png,4642
syn_1906_5706.png,5706
syn_1907_1428.png,1428
syn_1908_1047.png,1047
syn_1909_2224.png,2224
syn_1910_0305.png,0305
syn_1911_0130.png,0130
syn_1912_5133.png,5133
syn_1913_3752.png,3752
syn_1914_0233.png,0233
syn_1915_4842.png,4842
syn_1916_4948.png,4948
syn_1917_0153.png,0153
syn_1918_2448.png,2448
syn_1919_3818.png,3818
syn_1920_1924.png,1924
syn_1921_5349.png,5349
syn_1922_0908.png,0908
syn_1923_4233.png,4233
syn_1924_4917.png,4917
syn_1925_2910.png,2910
syn_1926_2915.png,2915
syn_1927_1106.png,1106
syn_1928_5725.png,5725
syn_1929_3212.png,3212
syn_1930_3833.png,3833
syn_1931_5529.png,5529
syn_1932_4723.png,4723
syn_1933_0450.png,0450
syn_1934_2737.png,2737
syn_1935_3551.png,3551
syn_1936_0512.png,0512
syn_1937_5013.png,5013
syn_1938_4654.png,4654
syn_1939_1643.png,1643
syn_1940_3821.png,3821
syn_1941_1313.png,1313
syn_1942_0608.png,0608
syn_1943_0608.png,0608
syn_1944_1334.png,1334
syn_1945_2056.png,2056
syn_1946_2103.png,2103
syn_1947_1204.png,1204
syn_1948_5713.png,5713
syn_1949_2729.png,2729
syn_1950_1145.png,1145
syn_1951_1124.png,1124
syn_1952_4905.png,4905
syn_1953_2011.png,2011
syn_1954_1220.png,1220
syn_1955_5027.png,5027
syn_1956_4545.png,4545
syn_1957_5700.png,5700
syn_1958_0930.png,0930
syn_1959_3537.png,3537
syn_1960_4007.png,4007
syn_1961_0356.png,0356
syn_1962_2542.png,2542
syn_1963_1546.png,1546
syn_1964_1952.png,1952
syn_1965_5300.png,5300
syn_1966_1049.png,1049
syn_1967_0534.png,0534
syn_1968_5340.png,5340
syn_1969_3416.png,3416
syn_1970_3909.png,3909
syn_1971_5307.png,5307
syn_1972_1228.png,1228
syn_1973_5627.png,5627
syn_1974_3828.png,3828
syn_1975_4031.png,4031
syn_1976_3659.png,3659
syn_1977_5734.png,5734
syn_1978_0712.png,0712
syn_1979_1314.png,1314
syn_1980_2936.png,2936
syn_1981_4623.png,4623
syn_1982_0419.png,0419
syn_1983_5112.png,5112
syn_1984_2943.png,2943
syn_1985_5623.png,5623
syn_1986_3732.png,3732
syn_1987_2024.png,2024
syn_1988_1049.png,1049
syn_1989_1135.png,1135
syn_1990_0832.png,0832
syn_1991_2945.png,2945
syn_1992_1755.png,1755
syn_1993_0119.png,0119
syn_1994_4959.png,4959
syn_1995_5712.png,5712
syn_1996_5232.png,5232
syn_1997_4322.png,4322
syn_1998_5334.png,5334
syn_1999_1602.png,1602
syn_2000_4742.png,4742
syn_2001_4838.png,4838
syn_2002_1424.png,1424
syn_2003_2522.png,2522
syn_2004_0129.png,0129
syn_2005_5124.png,5124
syn_2006_1924.png,1924
syn_2007_1948.png,1948
syn_2008_5729.png,5729
syn_2009_1517.png,1517
syn_2010_1951.png,1951
syn_2011_1429.png,1429
syn_2012_1051.png,1051
syn_2013_4423.png,4423
syn_2014_1935.png,1935
syn_2015_4619.png,4619
syn_2016_4433.png,4433
syn_2017_3059.png,3059
syn_2018_5349.png,5349
syn_2019_4020.png,4020
syn_2020_3613.png,3613
syn_2021_2407.png,2407
syn_2022_1642.png,1642
syn_2023_0328.png,0328
syn_2024_3927.png,3927
syn_2025_4415.png,4415
syn_2026_5526.png,5526
syn_2027_4539.png,4539
syn_2028_1616.png,1616
syn_2029_4211.png,4211
syn_2030_4616.png,4616
syn_2031_4101.png,4101
syn_2032_3021.png,3021
syn_2033_0317.png,0317
syn_2034_4534.png,4534
syn_2035_1544.png,1544
syn_2036_1011.png,1011
syn_2037_5720.png,5720
syn_2038_2738.png,2738
syn_2039_1446.png,1446
syn_2040_3327.png,3327
syn_2041_1728.png,1728
syn_2042_0902.png,0902
syn_2043_3958.png,3958
syn_2044_5147.png,5147
syn_2045_2536.png,2536
syn_2046_4834.png,4834
syn_2047_1144.png,1144
syn_2048_2955.png,2955
syn_2049_2747.png,2747
syn_2050_0529.png,0529
syn_2051_1244.png,1244
syn_2052_4424.png,4424
syn_2053_0512.png,0512
syn_2054_5018.png,5018
syn_2055_2740.png,2740
syn_2056_5755.png,5755
syn_2057_2826.png,2826
syn_2058_2846.png,2846
syn_2059_1829.png,1829
syn_2060_4624.png,4624
syn_2061_3200.png,3200
syn_2062_3719.png,3719
syn_2063_5137.png,5137
syn_2064_2539.png,2539
syn_2065_1731.png,1731
syn_2066_0751.png,0751
syn_2067_5411.png,5411
syn_2068_0422.png,0422
syn_2069_5942.png,5942
syn_2070_4624.png,4624
syn_2071_4442.png,4442
syn_2072_2556.png,2556
syn_2073_5554.png,5554
syn_2074_5606.png,5606
syn_2075_4413.png,4413
syn_2076_4032.png,4032
syn_2077_2522.png,2522
syn_2078_4756.png,4756
syn_2079_2446.png,2446
syn_2080_0601.png,0601
syn_2081_5122.png,5122
syn_2082_2800.png,2800
syn_2083_3229.png,3229
syn_2084_3512.png,3512
syn_2085_2816.png,2816
syn_2086_5654.png,5654
syn_2087_0700.png,0700
syn_2088_1317.png,1317
syn_2089_0020.png,0020
syn_2090_4449.png,4449
syn_2091_5221.png,5221
syn_2092_2816.png,2816
syn_2093_4339.png,4339
syn_2094_3043.png,3043
syn_2095_5120.png,5120
syn_2096_3754.png,3754
syn_2097_4814.png,4814
syn_2098_0420.png,0420
syn_2099_1109.png,1109
syn_2100_2545.png,2545
syn_2101_2838.png,2838
syn_2102_3427.png,3427
syn_2103_1748.png,1748
syn_2104_2415.png,2415
syn_2105_5141.png,5141
syn_2106_4505.png,4505
syn_2107_1050.png,1050
syn_2108_4656.png,4656
syn_2109_5144.png,5144
syn_2110_1806.png,1806
syn_2111_2258.png,2258
syn_2112_5720.png,5720
syn_2113_0151.png,0151
syn_2114_2549.png,2549
syn_2115_1525.png,1525
syn_2116_0631.png,0631
syn_2117_0045.png,0045
syn_2118_0539.png,0539
syn_2119_1750.png,1750
syn_2120_3121.png,3121
syn_2121_0328.png,0328
syn_2122_0927.png,0927
syn_2123_1859.png,1859
syn_2124_0040.png,0040
syn_2125_0848.png,0848
syn_2126_2301.png,2301
syn_2127_1535.png,1535
syn_2128_5346.png,5346
syn_2129_5536.png,5536
syn_2130_4710.png,4710
syn_2131_5746.png,5746
syn_2132_5533.png,5533
syn_2133_2146.png,2146
syn_2134_1829.png,1829
syn_2135_3125.png,3125
syn_2136_3203.png,3203
syn_2137_3804.png,3804
syn_2138_0129.png,0129
syn_2139_1639.png,1639
syn_2140_5147.png,5147
syn_2141_3745.png,3745
syn_2142_4252.png,4252
syn_2143_2913.png,2913
syn_2144_1840.png,1840
syn_2145_4506.png,4506
syn_2146_1619.png,1619
syn_2147_1554.png,1554
syn_2148_4650.png,4650
syn_2149_3513.png,3513
syn_2150_4619.png,4619
syn_2151_1430.png,1430
syn_2152_2641.png,2641
syn_2153_3724.png,3724
syn_2154_1123.png,1123
syn_2155_1617.png,1617
syn_2156_4055.png,4055
syn_2157_4219.png,4219
syn_2158_4933.png,4933
syn_2159_0959.png,0959
syn_2160_2610.png,2610
syn_2161_0744.png,0744
syn_2162_0038.png,0038
syn_2163_1756.png,1756
syn_2164_2015.png,2015
syn_2165_3735.png,3735
syn_2166_4155.png,4155
syn_2167_3107.png,3107
syn_2168_3334.png,3334
syn_2169_1720.png,1720
syn_2170_1105.png,1105
syn_2171_5808.png,5808
syn_2172_0850.png,0850
syn_2173_4345.png,4345
syn_2174_1205.png,1205
syn_2175_1105.png,1105
syn_2176_0556.png,0556
syn_2177_3323.png,3323
syn_2178_4251.png,4251
syn_2179_4728.png,4728
syn_2180_3649.png,3649
syn_2181_4656.png,4656
syn_2182_2047.png,2047
syn_2183_4207.png,4207
syn_2184_2154.png,2154
syn_2185_1125.png,1125
syn_2186_0417.png,0417
syn_2187_1636.png,1636
syn_2188_3623.png,3623
syn_2189_0617.png,0617
syn_2190_0013.png,0013
syn_2191_5842.png,5842
syn_2192_2205.png,2205
syn_2193_5536.png,5536
syn_2194_2711.png,2711
syn_2195_2620.png,2620
syn_2196_3045.png,3045
syn_2197_4136.png,4136
syn_2198_2037.png,2037
syn_2199_1527.png,1527
syn_2200_4629.png,4629
syn_2201_4517.png,4517
syn_2202_0223.png,0223
syn_2203_1237.png,1237
syn_2204_4811.png,4811
syn_2205_3132.png,3132
syn_2206_0336.png,0336
syn_2207_5025.png,5025
syn_2208_1646.png,1646
syn_2209_1254.png,1254
syn_2210_5135.png,5135
syn_2211_5025.png,5025
syn_2212_2436.png,2436
syn_2213_0602.png,0602
syn_2214_0935.png,0935
syn_2215_5803.png,5803
syn_2216_0838.png,0838
syn_2217_5913.png,5913
syn_2218_1229.png,1229
syn_2219_3848.png,3848
syn_2220_3645.png,3645
syn_2221_4954.png,4954
syn_2222_1737.png,1737
syn_2223_2401.png,2401
syn_2224_0847.png,0847
syn_2225_2721.png,2721
syn_2226_3508.png,3508
syn_2227_5854.png,5854
syn_2228_2321.png,2321
syn_2229_0434.png,0434
syn_2230_4007.png,4007
syn_2231_2433.png,2433
syn_2232_4300.png,4300
syn_2233_5122.png,5122
syn_2234_2120.png,2120
syn_2235_4344.png,4344
syn_2236_1610.png,1610
syn_2237_2029.png,2029
syn_2238_3832.png,3832
syn_2239_1126.png,1126
syn_2240_5812.png,5812
syn_2241_0548.png,0548
syn_2242_4346.png,4346
syn_2243_5745.png,5745
syn_2244_4720.png,4720
syn_2245_3150.png,3150
syn_2246_0912.png,0912
syn_2247_4104.png,4104
syn_2248_1549.png,1549
syn_2249_5656.png,5656
syn_2250_5238.png,5238
syn_2251_1933.png,1933
syn_2252_2646.png,2646
syn_2253_2826.png,2826
syn_2254_0817.png,0817
syn_2255_4610.png,4610
syn_2256_2556.png,2556
syn_2257_5025.png,5025
syn_2258_1647.png,1647
syn_2259_1550.png,1550
syn_2260_2740.png,2740
syn_2261_0054.png,0054
syn_2262_1037.png,1037
syn_2263_3517.png,3517
syn_2264_4247.png,4247
syn_2265_3329.png,3329
syn_2266_2245.png,2245
syn_2267_1032.png,1032
syn_2268_2849.png,2849
syn_2269_0443.png,0443
syn_2270_3439.png,3439
syn_2271_5311.png,5311
syn_2272_1916.png,1916
syn_2273_5116.png,5116
syn_2274_0647.png,0647
syn_2275_3153.png,3153
syn_2276_2716.png,2716
syn_2277_3534.png,3534
syn_2278_2945.png,2945
syn_2279_5016.png,5016
syn_2280_4343.png,4343
syn_2281_3801.png,3801
syn_2282_4943.png,4943
syn_2283_2606.png,2606
syn_2284_5430.png,5430
syn_2285_1621.png,1621
syn_2286_3030.png,3030
syn_2287_4356.png,4356
syn_2288_4652.png,4652
syn_2289_2906.png,2906
syn_2290_3434.png,3434
syn_2291_0110.png,0110
syn_2292_1341.png,1341
syn_2293_4342.png,4342
syn_2294_0624.png,0624
syn_2295_3028.png,3028
syn_2296_4726.png,4726
syn_2297_5709.png,5709
syn_2298_5458.png,5458
syn_2299_5718.png,5718
syn_2300_2947.png,2947
syn_2301_1042.png,1042
syn_2302_3042.png,3042
syn_2303_5439.png,5439
syn_2304_2432.png,2432
syn_2305_0939.png,0939
syn_2306_5211.png,5211
syn_2307_2501.png,2501
syn_2308_5224.png,5224
syn_2309_1324.png,1324
syn_2310_4759.png,4759
syn_2311_0642.png,0642
syn_2312_3750.png,3750
syn_2313_5836.png,5836
syn_2314_3647.png,3647
syn_2315_5233.png,5233
syn_2316_0036.png,0036
syn_2317_0247.png,0247
syn_2318_0236.png,0236
syn_2319_1042.png,1042
syn_2320_2529.png,2529
syn_2321_1003.png,1003
syn_2322_1423.png,1423
syn_2323_3747.png,3747
syn_2324_0912.png,0912
syn_2325_3946.png,3946
syn_2326_5922.png,5922
syn_2327_3718.png,3718
syn_2328_1600.png,1600
syn_2329_3122.png,3122
syn_2330_2645.png,2645
syn_2331_2650.png,2650
syn_2332_0145.png,0145
syn_2333_5442.png,5442
syn_2334_1238.png,1238
syn_2335_0304.png,0304
syn_2336_1207.png,1207
syn_2337_1530.png,1530
syn_2338_0352.png,0352
syn_2339_4335.png,4335
syn_2340_5800.png,5800
syn_2341_1735.png,1735
syn_2342_3203.png,3203
syn_2343_5632.png,5632
syn_2344_4523.png,4523
syn_2345_3021.png,3021
syn_2346_0251.png,0251
syn_2347_1957.png,1957
syn_2348_0804.png,0804
syn_2349_4536.png,4536
syn_2350_0536.png,0536
syn_2351_3542.png,3542
syn_2352_4716.png,4716
syn_2353_5521.png,5521
syn_2354_2301.png,2301
syn_2355_4131.png,4131
syn_2356_4006.png,4006
syn_2357_2448.png,2448
syn_2358_3057.png,3057
syn_2359_3921.png,3921
syn_2360_0024.png,0024
syn_2361_0627.png,0627
syn_2362_3734.png,3734
syn_2363_2010.png,2010
syn_2364_1131.png,1131
syn_2365_4829.png,4829
syn_2366_4445.png,4445
syn_2367_5804.png,5804
syn_2368_3558.png,3558
syn_2369_4848.png,4848
syn_2370_4105.png,4105
syn_2371_3728.png,3728
syn_2372_5051.png,5051
syn_2373_0545.png,0545
syn_2374_4539.png,4539
syn_2375_2411.png,2411
syn_2376_3319.png,3319
syn_2377_0730.png,0730
syn_2378_5237.png,5237
syn_2379_3611.png,3611
syn_2380_0030.png,0030
syn_2381_3429.png,3429
syn_2382_0704.png,0704
syn_2383_0547.png,0547
syn_2384_4955.png,4955
syn_2385_5916.png,5916
syn_2386_1301.png,1301
syn_2387_5504.png,5504
syn_2388_4613.png,4613
syn_2389_4752.png,4752
syn_2390_5349.png,5349
syn_2391_5218.png,5218
syn_2392_2433.png,2433
syn_2393_1128.png,1128
syn_2394_4828.png,4828
syn_2395_4745.png,4745
syn_2396_1516.png,1516
syn_2397_3645.png,3645
syn_2398_3428.png,3428
syn_2399_1552.png,1552
syn_2400_2115.png,2115
syn_2401_1153.png,1153
syn_2402_4248.png,4248
syn_2403_0915.png,0915
syn_2404_3207.png,3207
syn_2405_0549.png,0549
syn_2406_5208.png,5208
syn_2407_0306.png,0306
syn_2408_5454.png,5454
syn_2409_1322.png,1322
syn_2410_0847.png,0847
syn_2411_3141.png,3141
syn_2412_0110.png,0110
syn_2413_4822.png,4822
syn_2414_3538.png,3538
syn_2415_5313.png,5313
syn_2416_5236.png,5236
syn_2417_1803.png,1803
syn_2418_0703.png,0703
syn_2419_2522.png,2522
syn_2420_2921.png,2921
syn_2421_0402.png,0402
syn_2422_2243.png,2243
syn_2423_1901.png,1901
syn_2424_4124.png,4124
syn_2425_1155.png,1155
syn_2426_0711.png,0711
syn_2427_5301.png,5301
syn_2428_0746.png,0746
syn_2429_4141.png,4141
syn_2430_0437.png,0437
syn_2431_3346.png,3346
syn_2432_1348.png,1348
syn_2433_0820.png,0820
syn_2434_0806.png,0806
syn_2435_0224.png,0224
syn_2436_5251.png,5251
syn_2437_2707.png,2707
syn_2438_4246.png,4246
syn_2439_3702.png,3702
syn_2440_2558.png,2558
syn_2441_0852.png,0852
syn_2442_5321.png,5321
syn_2443_1100.png,1100
syn_2444_4914.png,4914
syn_2445_1021.png,1021
syn_2446_1401.png,1401
syn_2447_1305.png,1305
syn_2448_3845.png,3845
syn_2449_5025.png,5025
syn_2450_5131.png,5131
syn_2451_5900.png,5900
syn_2452_1400.png,1400
syn_2453_0313.png,0313
syn_2454_2900.png,2900
syn_2455_3405.png,3405
syn_2456_0200.png,0200
syn_2457_0832.png,0832
syn_2458_3352.png,3352
syn_2459_4348.png,4348
syn_2460_2257.png,2257
syn_2461_0654.png,0654
syn_2462_5005.png,5005
syn_2463_2542.png,2542
syn_2464_0626.png,0626
syn_2465_4038.png,4038
syn_2466_0925.png,0925
syn_2467_3304.png,3304
syn_2468_0543.png,0543
syn_2469_3441.png,3441
syn_2470_0740.png,0740
syn_2471_2525.png,2525
syn_2472_4716.png,4716
syn_2473_1107.png,1107
syn_2474_1509.png,1509
syn_2475_0718.png,0718
syn_2476_5849.png,5849
syn_2477_3656.png,3656
syn_2478_4023.png,4023
syn_2479_1247.png,1247
syn_2480_4036.png,4036
syn_2481_3006.png,3006
syn_2482_1830.png,1830
syn_2483_3749.png,3749
syn_2484_5946.png,5946
syn_2485_2318.png,2318
syn_2486_0417.png,0417
syn_2487_1338.png,1338
syn_2488_5303.png,5303
syn_2489_0126.png,0126
syn_2490_0949.png,0949
syn_2491_1849.png,1849
syn_2492_4859.png,4859
syn_2493_5247.png,5247
syn_2494_0115.png,0115
syn_2495_4553.png,4553
syn_2496_4046.png,4046
syn_2497_3814.png,3814
syn_2498_5014.png,5014
syn_2499_1248.png,1248
syn_2500_1953.png,1953
syn_2501_4913.png,4913
syn_2502_0757.png,0757
syn_2503_1817.png,1817
syn_2504_5849.png,5849
syn_2505_4639.png,4639
syn_2506_2342.png,2342
syn_2507_0221.png,0221
syn_2508_0154.png,0154
syn_2509_3520.png,3520
syn_2510_3532.png,3532
syn_2511_3018.png,3018
syn_2512_0155.png,0155
syn_2513_0809.png,0809
syn_2514_3716.png,3716
syn_2515_1914.png,1914
syn_2516_2405.png,2405
syn_2517_5611.png,5611
syn_2518_0928.png,0928
syn_2519_4059.png,4059
syn_2520_1528.png,1528
syn_2521_4949.png,4949
syn_2522_3310.png,3310
syn_2523_1646.png,1646
syn_2524_5602.png,5602
syn_2525_2836.png,2836
syn_2526_0719.png,0719
syn_2527_5221.png,5221
syn_2528_0251.png,0251
syn_2529_4142.png,4142
syn_2530_2731.png,2731
syn_2531_2550.png,2550
syn_2532_0303.png,0303
syn_2533_0824.png,0824
syn_2534_3809.png,3809
syn_2535_5546.png,5546
syn_2536_5501.png,5501
syn_2537_1635.png,1635
syn_2538_5253.png,5253
syn_2539_2339.png,2339
syn_2540_0935.png,0935
syn_2541_5744.png,5744
syn_2542_3244.png,3244
syn_2543_1351.png,1351
syn_2544_4226.png,4226
syn_2545_4735.png,4735
syn_2546_5201.png,5201
syn_2547_3002.png,3002
syn_2548_0735.png,0735
syn_2549_5552.png,5552
syn_2550_5859.png,5859
syn_2551_3203.png,3203
syn_2552_5417.png,5417
syn_2553_5651.png,5651
syn_2554_3700.png,3700
syn_2555_1603.png,1603
syn_2556_3307.png,3307
syn_2557_2813.png,2813
syn_2558_2638.png,2638
syn_2559_1049.png,1049
syn_2560_5359.png,5359
syn_2561_1405.png,1405
syn_2562_2315.png,2315
syn_2563_4041.png,4041
syn_2564_0325.png,0325
syn_2565_2041.png,2041
syn_2566_3453.png,3453
syn_2567_2620.png,2620
syn_2568_0914.png,0914
syn_2569_3301.png,3301
syn_2570_0019.png,0019
syn_2571_3331.png,3331
syn_2572_4408.png,4408
syn_2573_0004.png,0004
syn_2574_1510.png,1510
syn_2575_2727.png,2727
syn_2576_2515.png,2515
syn_2577_4034.png,4034
syn_2578_4648.png,4648
syn_2579_5215.png,5215
syn_2580_1001.png,1001
syn_2581_4009.png,4009
syn_2582_4831.png,4831
syn_2583_2934.png,2934
syn_2584_1646.png,1646
syn_2585_0921.png,0921
syn_2586_1830.png,1830
syn_2587_0344.png,0344
syn_2588_3146.png,3146
syn_2589_0749.png,0749
syn_2590_0649.png,0649
syn_2591_1842.png,1842
syn_2592_3855.png,3855
syn_2593_3325.png,3325
syn_2594_0517.png,0517
syn_2595_0939.png,0939
syn_2596_1633.png,1633
syn_2597_2527.png,2527
syn_2598_5349.png,5349
syn_2599_5953.png,5953
syn_2600_2619.png,2619
syn_2601_0942.png,0942
syn_2602_3125.png,3125
syn_2603_2713.png,2713
syn_2604_5909.png,5909
syn_2605_0620.png,0620
syn_2606_0848.png,0848
syn_2607_2756.png,2756
syn_2608_0706.png,0706
syn_2609_2941.png,2941
syn_2610_3644.png,3644
syn_2611_0511.png,0511
syn_2612_4824.png,4824
syn_2613_4224.png,4224
syn_2614_1134.png,1134
syn_2615_5559.png,5559
syn_2616_3712.png,3712
syn_2617_0142.png,0142
syn_2618_3553.png,3553
syn_2619_2830.png,2830
syn_2620_3226.png,3226
syn_2621_4016.png,4016
syn_2622_4908.png,4908
syn_2623_1204.png,1204
syn_2624_4846.png,4846
syn_2625_5828.png,5828
syn_2626_1234.png,1234
syn_2627_0135.png,0135
syn_2628_4634.png,4634
syn_2629_5040.png,5040
syn_2630_3303.png,3303
syn_2631_3845.png,3845
syn_2632_3931.png,3931
syn_2633_3544.png,3544
syn_2634_3925.png,3925
syn_2635_1228.png,1228
syn_2636_1819.png,1819
syn_2637_2152.png,2152
syn_2638_4738.png,4738
syn_2639_3841.png,3841
syn_2640_0847.png,0847
syn_2641_4548.png,4548
syn_2642_0301.png,0301
syn_2643_4831.png,4831
syn_2644_0428.png,0428
syn_2645_5634.png,5634
syn_2646_5924.png,5924
syn_2647_1415.png,1415
syn_2648_2855.png,2855
syn_2649_5842.png,5842
syn_2650_4128.png,4128
syn_2651_3959.png,3959
syn_2652_1328.png,1328
syn_2653_3348.png,3348
syn_2654_5532.png,5532
syn_2655_3620.png,3620
syn_2656_4545.png,4545
syn_2657_5534.png,5534
syn_2658_3959.png,3959
syn_2659_5653.png,5653
syn_2660_3734.png,3734
syn_2661_2042.png,2042
syn_2662_4552.png,4552
syn_2663_3046.png,3046
syn_2664_4739.png,4739
syn_2665_2314.png,2314
syn_2666_0300.png,0300
syn_2667_4947.png,4947
syn_2668_2805.png,2805
syn_2669_3501.png,3501
syn_2670_2938.png,2938
syn_2671_4422.png,4422
syn_2672_0753.png,0753
syn_2673_0545.png,0545
syn_2674_4331.png,4331
syn_2675_0931.png,0931
syn_2676_5201.png,5201
syn_2677_3245.png,3245
syn_2678_3720.png,3720
syn_2679_2757.png,2757
syn_2680_2031.png,2031
syn_2681_1639.png,1639
syn_2682_5517.png,5517
syn_2683_2722.png,2722
syn_2684_0633.png,0633
syn_2685_3455.png,3455
syn_2686_3353.png,3353
syn_2687_1455.png,1455
syn_2688_4824.png,4824
syn_2689_5339.png,5339
syn_2690_0752.png,0752
syn_2691_0854.png,0854
syn_2692_5442.png,5442
syn_2693_0314.png,0314
syn_2694_3028.png,3028
syn_2695_0303.png,0303
syn_2696_3509.png,3509
syn_2697_5912.png,5912
syn_2698_3710.png,3710
syn_2699_0036.png,0036
syn_2700_2020.png,2020
syn_2701_5239.png,5239
syn_2702_4603.png,4603
syn_2703_1212.png,1212
syn_2704_5214.png,5214
syn_2705_4013.png,4013
syn_2706_1741.png,1741
syn_2707_2228.png,2228
syn_2708_3900.png,3900
syn_2709_2943.png,2943
syn_2710_3708.png,3708
syn_2711_4137.png,4137
syn_2712_3554.png,3554
syn_2713_0658.png,0658
syn_2714_1958.png,1958
syn_2715_4254.png,4254
syn_2716_0838.png,0838
syn_2717_4756.png,4756
syn_2718_0851.png,0851
syn_2719_4221.png,4221
syn_2720_5541.png,5541
syn_2721_4118.png,4118
syn_2722_4741.png,4741
syn_2723_0353.png,0353
syn_2724_3235.png,3235
syn_2725_5125.png,5125
syn_2726_1455.png,1455
syn_2727_0002.png,0002
syn_2728_2147.png,2147
syn_2729_2555.png,2555
syn_2730_4635.png,4635
syn_2731_4449.png,4449
syn_2732_1424.png,1424
syn_2733_4220.png,4220
syn_2734_2809.png,2809
syn_2735_5310.png,5310
syn_2736_4253.png,4253
syn_2737_0335.png,0335
syn_2738_1547.png,1547
syn_2739_5555.png,5555
syn_2740_3723.png,3723
syn_2741_3304.png,3304
syn_2742_0731.png,0731
syn_2743_2848.png,2848
syn_2744_0329.png,0329
syn_2745_5620.png,5620
syn_2746_4941.png,4941
syn_2747_2300.png,2300
syn_2748_3229.png,3229
syn_2749_3629.png,3629
syn_2750_5510.png,5510
syn_2751_2648.png,2648
syn_2752_3042.png,3042
syn_2753_5408.png,5408
syn_2754_4108.png,4108
syn_2755_4624.png,4624
syn_2756_0039.png,0039
syn_2757_3039.png,3039
syn_2758_1455.png,1455
syn_2759_3521.png,3521
syn_2760_5855.png,5855
syn_2761_0143.png,0143
syn_2762_0506.png,0506
syn_2763_2633.png,2633
syn_2764_1258.png,1258
syn_2765_2558.png,2558
syn_2766_2919.png,2919
syn_2767_0055.png,0055
syn_2768_3401.png,3401
syn_2769_2518.png,2518
syn_2770_3848.png,3848
syn_2771_4418.png,4418
syn_2772_1415.png,1415
syn_2773_4848.png,4848
syn_2774_0923.png,0923
syn_2775_0815.png,0815
syn_2776_4129.png,4129
syn_2777_2804.png,2804
syn_2778_5350.png,5350
syn_2779_4348.png,4348
syn_2780_4857.png,4857
syn_2781_4920.png,4920
syn_2782_1513.png,1513
syn_2783_5916.png,5916
syn_2784_3851.png,3851
syn_2785_3203.png,3203
syn_2786_1226.png,1226
syn_2787_0529.png,0529
syn_2788_5320.png,5320
syn_2789_2658.png,2658
syn_2790_4555.png,4555
syn_2791_3604.png,3604
syn_2792_0207.png,0207
syn_2793_2834.png,2834
syn_2794_0959.png,0959
syn_2795_3455.png,3455
syn_2796_4147.png,4147
syn_2797_3731.png,3731
syn_2798_0057.png,0057
syn_2799_5848.png,5848
syn_2800_5502.png,5502
syn_2801_3023.png,3023
syn_2802_4801.png,4801
syn_2803_0944.png,0944
syn_2804_4914.png,4914
syn_2805_2538.png,2538
syn_2806_0034.png,0034
syn_2807_3610.png,3610
syn_2808_5913.png,5913
syn_2809_0625.png,0625
syn_2810_2528.png,2528
syn_2811_3006.png,3006
syn_2812_3437.png,3437
syn_2813_1033.png,1033
syn_2814_4912.png,4912
syn_2815_1936.png,1936
syn_2816_1613.png,1613
syn_2817_0027.png,0027
syn_2818_4440.png,4440
syn_2819_3859.png,3859
syn_2820_4922.png,4922
syn_2821_2549.png,2549
syn_2822_2500.png,2500
syn_2823_5929.png,5929
syn_2824_1816.png,1816
syn_2825_5710.png,5710
syn_2826_5300.png,5300
syn_2827_0529.png,0529
syn_2828_1122.png,1122
syn_2829_5105.png,5105
syn_2830_2933.png,2933
syn_2831_3411.png,3411
syn_2832_3912.png,3912
syn_2833_2528.png,2528
syn_2834_4239.png,4239
syn_2835_5843.png,5843
syn_2836_2158.png,2158
syn_2837_2537.png,2537
syn_2838_4853.png,4853
syn_2839_4145.png,4145
syn_2840_0547.png,0547
syn_2841_5613.png,5613
syn_2842_4813.png,4813
syn_2843_1249.png,1249
syn_2844_3905.png,3905
syn_2845_5804.png,5804
syn_2846_1501.png,1501
syn_2847_0324.png,0324
syn_2848_0816.png,0816
syn_2849_0257.png,0257
syn_2850_5637.png,5637
syn_2851_2204.png,2204
syn_2852_0618.png,0618
syn_2853_2113.png,2113
syn_2854_2708.png,2708
syn_2855_0129.png,0129
syn_2856_4706.png,4706
syn_2857_3749.png,3749
syn_2858_2045.png,2045
syn_2859_4227.png,4227
syn_2860_0640.png,0640
syn_2861_0428.png,0428
syn_2862_5539.png,5539
syn_2863_3716.png,3716
syn_2864_5704.png,5704
syn_2865_2121.png,2121
syn_2866_1953.png,1953
syn_2867_4927.png,4927
syn_2868_0054.png,0054
syn_2869_0814.png,0814
syn_2870_1728.png,1728
syn_2871_3103.png,3103
syn_2872_2644.png,2644
syn_2873_3432.png,3432
syn_2874_3332.png,3332
syn_2875_5355.png,5355
syn_2876_0342.png,0342
syn_2877_5359.png,5359
syn_2878_3541.png,3541
syn_2879_4304.png,4304
syn_2880_2613.png,2613
syn_2881_0013.png,0013
syn_2882_0052.png,0052
syn_2883_1908.png,1908
syn_2884_3724.png,3724
syn_2885_3636.png,3636
syn_2886_5226.png,5226
syn_2887_4052.png,4052
syn_2888_3552.png,3552
syn_2889_3927.png,3927
syn_2890_2643.png,2643
syn_2891_1530.png,1530
syn_2892_4222.png,4222
syn_2893_4140.png,4140
syn_2894_2736.png,2736
syn_2895_5220.png,5220
syn_2896_5537.png,5537
syn_2897_0327.png,0327
syn_2898_4738.png,4738
syn_2899_3740.png,3740
syn_2900_1312.png,1312
syn_2901_4552.png,4552
syn_2902_1548.png,1548
syn_2903_1339.png,1339
syn_2904_0522.png,0522
syn_2905_2241.png,2241
syn_2906_3419.png,3419
syn_2907_5639.png,5639
syn_2908_1019.png,1019
syn_2909_1559.png,1559
syn_2910_5638.png,5638
syn_2911_4355.png,4355
syn_2912_1337.png,1337
syn_2913_0337.png,0337
syn_2914_3640.png,3640
syn_2915_3820.png,3820
syn_2916_4913.png,4913
syn_2917_4820.png,4820
syn_2918_0537.png,0537
syn_2919_0921.png,0921
syn_2920_4816.png,4816
syn_2921_1540.png,1540
syn_2922_3326.png,3326
syn_2923_2728.png,2728
syn_2924_4905.png,4905
syn_2925_2414.png,2414
syn_2926_5327.png,5327
syn_2927_3455.png,3455
syn_2928_0718.png,0718
syn_2929_0146.png,0146
syn_2930_4134.png,4134
syn_2931_1347.png,1347
syn_2932_0219.png,0219
syn_2933_0422.png,0422
syn_2934_3830.png,3830
syn_2935_2137.png,2137
syn_2936_5035.png,5035
syn_2937_3951.png,3951
syn_2938_4907.png,4907
syn_2939_0857.png,0857
syn_2940_0416.png,0416
syn_2941_3043.png,3043
syn_2942_4815.png,4815
syn_2943_2558.png,2558
syn_2944_5026.png,5026
syn_2945_0524.png,0524
syn_2946_2941.png,2941
syn_2947_1249.png,1249
syn_2948_5223.png,5223
syn_2949_4725.png,4725
syn_2950_4500.png,4500
syn_2951_2801.png,2801
syn_2952_3035.png,3035
syn_2953_2310.png,2310
syn_2954_0801.png,0801
syn_2955_4120.png,4120
syn_2956_3127.png,3127
syn_2957_3903.png,3903
syn_2958_4128.png,4128
syn_2959_5601.png,5601
syn_2960_0819.png,0819
syn_2961_5719.png,5719
syn_2962_1640.png,1640
syn_2963_5448.png,5448
syn_2964_4739.png,4739
syn_2965_1722.png,1722
syn_2966_4332.png,4332
syn_2967_3237.png,3237
syn_2968_1333.png,1333
syn_2969_2243.png,2243
syn_2970_5414.png,5414
syn_2971_3919.png,3919
syn_2972_1805.png,1805
syn_2973_0339.png,0339
syn_2974_1838.png,1838
syn_2975_1408.png,1408
syn_2976_4713.png,4713
syn_2977_0049.png,0049
syn_2978_2350.png,2350
syn_2979_5942.png,5942
syn_2980_1831.png,1831
syn_2981_5111.png,5111
syn_2982_1044.png,1044
syn_2983_0029.png,0029
syn_2984_0044.png,0044
syn_2985_1320.png,1320
syn_2986_2151.png,2151
syn_2987_2803.png,2803
syn_2988_1109.png,1109
syn_2989_0542.png,0542
syn_2990_0731.png,0731
syn_2991_3542.png,3542
syn_2992_3432.png,3432
syn_2993_0851.png,0851
syn_2994_3836.png,3836
syn_2995_4818.png,4818
syn_2996_4909.png,4909
syn_2997_2009.png,2009
syn_2998_2923.png,2923
syn_2999_5733.png,5733